Job Title,Company Name,Location,Job Type,Level,Years of Experience,Skills,Country
Project Listing Specialist & Data Analyst for E-Commerce Platforms,armonia vita ,"Mansoura, Dakahlia, Egypt","Full Time, On-site",Entry Level, 1 - 3 Yrs of Exp,"· Marketing/PR/Advertising, · E-Commerce Platform Management, Data Analysis, · Microsoft Excel, · sheets google, · SEO",Egypt
Business Data Analyst (Finance-Oriented),Mazzika Group,"Dokki, Giza, Egypt","Full Time, On-site",N/A, 2 - 3 Yrs of Exp,"Experienced, · Accounting/Finance, · Business Development, · Analyst/Research, · Financial Analysis, Data Visualization, · Business Intelligence, · SQL, · Excel, · Reporting, · Dashboard Development",Egypt
Data Analyst,Linrco Egypt,"Nasr City, Cairo, Egypt","Full Time, On-site",N/A, 2 - 3 Yrs of Exp,"Experienced, · Quality, Data Analysis, · performance Analysis, · KPI's, · Quality Assurance",Egypt
Commercial Specialist ( Junior Data Analyst ),realme,"Nasr City, Cairo, Egypt","Full Time, On-site",Entry Level, 1+ Yrs of Exp,"· Business Development, · Analyst/Research, · Statistics, · Market Research, · Research, · Finance, · Financial Analysis, · Accounting, · Commerce, · Commercial",Egypt
Data Analyst + Instructor (Excel & Power BI),EpsilonAI,"Nasr City, Cairo, Egypt","Full Time, Hybrid",Entry Level, 0 - 3 Yrs of Exp,"· IT/Software Development, · Analyst/Research, · Education/Teaching, Data Analysis, Database SQL Server, · MySQL, Data Analytics, Big Data Analytics, · Microsoft Excel, · Power BI",Egypt
Production Analyst,Flex Asepto,"Ain Sokhna, Suez, Egypt","Full Time, On-site",N/A, 3 - 5 Yrs of Exp,"Experienced, · Manufacturing/Production, Data Analysis, · Root Cause Analysis, · Statistical Analysis, · Business Intelligence Tools, · Reporting and Documentation, · Cross-functional Collaboration, · Microsoft Excel",Egypt
Financial Analyst,Jaffangroup,"Heliopolis, Cairo, Egypt","Full Time, On-site",N/A, 5+ Yrs of Exp,"Experienced, · Accounting/Finance, · Business Development, · Microsoft Applications, · Financial Accounting, Financial Data Analysis, · Budgeting",Egypt
Methodology Analyst,APEX Pharma,"Badr City, Cairo, Egypt","Full Time, On-site",N/A, 2 - 4 Yrs of Exp,"Experienced, · R&D/Science, · Analyst/Research, · Pharmaceutical, · Methodology, · Analysis, · Science, · Pharmacy, · Quality Control, · Process Analysis, · Methodology Development",Egypt
Digital Marketing Analyst – Middle East,Digital Virgo Egypt,"Cairo, Egypt","Full Time, On-site",Entry Level, 1 - 3 Yrs of Exp,"· Marketing/PR/Advertising, · Analyst/Research, · Media/Journalism/Publishing, · Digital Marketing Analytics, · Google Analytics, Data Visualization, · SEO and SEM, · Social Media Analytics, · A/B Testing, · Market Research",Egypt
Business Analyst,Global Brands,"Cairo, Egypt","Internship, Hybrid",Entry Level,N/A,"· Analyst/Research, · Business Process Analysis, Data Analysis, · Problem Solving",Egypt
Business Analyst,Gahez Digital Marketing,"Sheikh Zayed, Giza, Egypt","Full Time, On-site",N/A, 2 - 3 Yrs of Exp,"Experienced, · Business Development, · Business Analysis, · Microsoft Excel, Data Analytics, · Communication, · Problem Solving",Egypt
Financial Analyst & Planning,Naguib Selim,"Nasr City, Cairo, Egypt","Full Time, On-site",Entry Level, 1 - 3 Yrs of Exp,"· Accounting/Finance, · Analyst/Research, · Financial Analysis, · Sales Planning, · Finance Analysis, Financial Data Analysis, · Accounting, · Finance, · Financial Services",Egypt
Senior Financial Analyst,Roya Developments,"Heliopolis, Cairo, Egypt","Full Time, On-site",N/A, 5 - 8 Yrs of Exp,"Experienced, · Accounting/Finance, · Analyst/Research, · Financial Analysis, · Budgeting and Forecasting, · Financial Modeling, Data Interpretation, · Financial Reporting, · Excel (Advanced), · Problem Solving, · Communication",Egypt
Junior Financial Analyst,Roya Developments,"Heliopolis, Cairo, Egypt","Full Time, On-site",Entry Level, 0 - 2 Yrs of Exp,"· Accounting/Finance, · Analyst/Research, · Financial Analysis, Data Analysis, · Financial Reporting, · Communication, · Time Management, · Attention to Detail, · Microsoft Excel, · Budgeting and Forecasting",Egypt
Market Research Analyst,Confidential,"Heliopolis, Cairo, Egypt","Full Time, On-site",N/A, 5 - 7 Yrs of Exp,"Experienced, · Marketing/PR/Advertising, · Analyst/Research, · Media/Journalism/Publishing, · Analysis, · analytical, · Communication, Data Collection, · Market Research, · Presentation, · Research",Egypt
"BI Analyst ""Extraction""",Efada Technology,"6th of October, Giza, Egypt","Full Time, Hybrid",N/A, 3 - 4 Yrs of Exp,"Experienced, · IT/Software Development, · Analyst/Research, · Engineering - Telecom/Technology, · BI, · Computer Science, Database, · Information Technology (IT), Big Data, · Microsoft SQL Server, Data Analysis",Egypt
Business Analyst,Babgi Company,"Jazan, Saudi Arabia","Full Time, On-site",Entry Level, 1 - 5 Yrs of Exp,"· Business Development, · Analyst/Research, Data analysis, · Business intelligence, · Project management, · Report writing",Egypt
Customer Strategy Analyst - Customer Strategy & Insights,Alshaya,"Nasr City, Cairo, Egypt","Full Time, Hybrid",N/A, 3 - 5 Yrs of Exp,"Experienced, · Marketing/PR/Advertising, · Analyst/Research, · Strategic Thinking, · Customer Analytics, Data Analysis, · Customer Strategy, · Customer Experience, · Customer Journey, · Storytelling, · Customer Metrics",Egypt
Data Analyst,SAH Company ,"New Nozha, Cairo, Egypt","Full Time, On-site",N/A, 5 - 15 Yrs of Exp,"Manager, · Analyst/Research, · core technical skills, · analytical statistical skills, · Business skills, · Soft Skills",Egypt
Junior Financial Analyst,Alex Apparels for Garment Manufacturing ,"Ameria, Alexandria, Egypt","Full Time, On-site",Entry Level, 0 - 2 Yrs of Exp,"· Accounting/Finance, · Analyst/Research, · Accounting, · Finance, · Financial Services, · Financial Analysis, · Financial Accounting, · Finance Analysis, Financial Data Analysis, · Finance Management",Egypt
Financial and Business Analyst,Mobility Pro DMCC,"Azarita, Alexandria, Egypt","Full Time, On-site",N/A, 3 - 5 Yrs of Exp,"Experienced, · Accounting/Finance, · Analyst/Research, · Financial Analysis, · Business Analysis, · Microsoft Excel, · Microsoft Power BI, · Statistics, · ERP",Egypt
Procurement Analyst,Guillam,"San Stefano, Alexandria, Egypt","Full Time, On-site",N/A, 0 - 3 Yrs of Exp,"Experienced, · Accounting/Finance, · Operations/Management, · Business English, · Strong communication skills, · Microsoft Office",Egypt
Forecast & Planning(F&P) Analyst,Leap Development Hub,"New Cairo, Cairo, Egypt","Full Time, On-site",N/A, 2 - 4 Yrs of Exp,"Experienced, · Accounting/Finance, · Finance, · Accounting, · Economic Statistics, · Financial Analysis, · Cost Control, · Budgeting, · Microsoft Excel, · Reporting Analysis",Egypt
Q.C Senior Finished Product Analyst,APEX Pharma,"Badr City, Cairo, Egypt","Full Time, On-site",N/A, 4 - 5 Yrs of Exp,"Experienced, · R&D/Science, · Quality, · Pharmaceutical, · Quality Control, · Science, · Pharmaceutical, · Pharma, · Q.C, · Pharmaceuticals, · Pharmacy",Egypt
Junior Industrial Application Support Analyst (Outsource),Prometeon tyres group – Egypt,"Ameria, Alexandria, Egypt","Full Time, On-site",Entry Level, 0 - 2 Yrs of Exp,"· IT/Software Development, · Application Support, · Technical Troubleshooting, · Industrial Systems, · Problem Solving, · Communication, · IT Helpdesk, · Team Collaboration, · Process Documentation, · System Monitoring",Egypt
Payroll And HR Analyst,Shiny White Dental Center ,"Cairo, Egypt","Full Time, On-site",N/A, 3+ Yrs of Exp,"Experienced, · Human Resources, · Analyst/Research, · Human Resources, · Human Resource Management (HRM), · HR Policies, · Payroll Administration, · Payroll, · Human Resource Management, · Human Resource Information System, hr analyst",Egypt
Quality Assurance Analyst,Electro Pi,"Maadi, Cairo, Egypt","Full Time, On-site",Entry Level,N/A,"· IT/Software Development, · Quality, · Engineering - Telecom/Technology, · Quality Assurance, · AI Orchestration & Context Engineering, · Automation, · Security, · Cloud, · Continuous DevSecOps, · Annual Audits",Egypt
Supply Chain Financial Analyst,Beyti an Almarai Subsidiary ,"Alexandria, Egypt","Full Time, On-site",Entry Level, 1 - 3 Yrs of Exp,"· Accounting/Finance, · Logistics/Supply Chain, · Finance, · Manufacturing, · Supply Chain, · Supply Chain finance, · Financial Planning",Egypt
Quality Assurance Analyst,Daam ,"Maadi, Cairo, Egypt","Full Time, On-site",N/A, 2 - 3 Yrs of Exp,"Experienced, · IT/Software Development, · Quality, · Engineering - Telecom/Technology, · Computer Science, · Information Technology (IT), · DevOps, · Software Testing, · Manual Testing",Egypt
Technical Quality Assurance Analyst,Daam ,"Maadi, Cairo, Egypt","Full Time, On-site",N/A, 3 - 5 Yrs of Exp,"Experienced, · IT/Software Development, · Engineering - Telecom/Technology, · Quality Assurance, · Information Technology (IT), · PostgreSQL, · MySQL",Egypt
Business Analyst- Arabic,Royal Cyber,"Riyadh, Saudi Arabia","Full Time, On-site",N/A, 5 - 20 Yrs of Exp,"Manager, · IT/Software Development, · Engineering - Telecom/Technology, · Business Analysis, · Requirements gathering, · Business process analysis, · CRM, · Microsoft Dynamics, · D365, · VISO,, · Miro",Egypt
Operations Analyst,Zeed Fleet ,"New Cairo, Cairo, Egypt","Full Time, On-site",Entry Level, 0 - 2 Yrs of Exp,"· Logistics/Supply Chain, · Operations/Management, · Operational Analysis, · Problem Solving, Data Interpretation, · Time Management, · Attention to Detail, · Microsoft Excel, · Project Coordination",Egypt
Investment Analyst,Mobica,"Abu Rawash, Giza, Egypt","Full Time, On-site",N/A, 4 - 6 Yrs of Exp,"Manager, · Accounting/Finance, · Analyst/Research, · Financial Analysis, · Analysis, · Return on Investment, · Mathematical Economics, · Financial Services, Financial Data Analysis, · Finance Analysis, · Financial Accounting",Egypt
Financial Analyst,Transmar International ,"New Cairo, Cairo, Egypt","Full Time, On-site",Entry Level, 1 - 4 Yrs of Exp,"· Accounting/Finance, · Analyst/Research, · Budgeting and Forecasting, · Financial Analysis, · Microsoft Excel, · Financial Reporting",Egypt
Data Analyst & A.I. Expert,Fiftee,"Brussels, Belgium","Part Time, Freelance / Project, Remote",N/A, 3+ Yrs of Exp,"Experienced, · IT/Software Development, Data Analysis, · A.I., · Startup, · International Software Testing Qualifications Board, Databases, · Reporting, · visual",Egypt
Financial Analyst,Riyadh Cables,"Maadi, Cairo, Egypt","Full Time, On-site",N/A, 7 - 10 Yrs of Exp,"Experienced, · Accounting/Finance, · Analyst/Research, · Financial Analysis, · Manufacturing Industry, · Financial Reporting, · Financial Modeling, · Problem Solving, · Budgeting and Forecasting, · Variance Analysis, · SAP user",Egypt
Healthcare Accounts Receivable (A/R) Analyst,Elghandour Medical Group,"10th of Ramadan City, Cairo, Egypt","Full Time, On-site",N/A, 5+ Yrs of Exp,"Experienced, · Accounting/Finance, · Financial Analysis, · Reconciliation, · Accounts Receivable Management, · ERP Systems, · Billing and Invoicing, · Attention to Detail, · AP Accountant",Egypt
Financial Analyst,Confidential,"Obour City, Cairo, Egypt","Full Time, On-site",N/A, 3 - 5 Yrs of Exp,"Experienced, · Accounting/Finance, · Analyst/Research, · Accounting, · Analysis, · Finance, · Financial Analysis, · Microsoft Excel, · Commerce, · analytical, · Financial",Egypt
Supply Chain Analyst,RISEUP (Endemag for Administrative Skills Development),"New Cairo, Cairo, Egypt","Full Time, On-site",N/A, 2 - 5 Yrs of Exp,"Experienced, · Logistics/Supply Chain, · Operations/Management, · Purchasing/Procurement, · Supply Chain Analysis, Data Analytics, · Inventory Management, · Logistics Coordination, · ERP Systems, · Process Improvement, · Forecasting",Egypt
Financial Pricing Analyst,Confidential,"Giza, Egypt","Full Time, On-site",N/A, 2 - 4 Yrs of Exp,"Experienced, · Accounting/Finance, · Pricing Strategy, · Financial Analysis, · Excel (Advanced), · Problem Solving, · Market Research, · Analytical Thinking, · Power BI, · Communication",Egypt
Senior Financial Analyst,Confidential,"10th of Ramadan City, Sharqia, Egypt","Full Time, On-site",N/A, 10 - 15 Yrs of Exp,"Experienced, · Accounting/Finance, · Analyst/Research, · Financial Analysis, · Budgeting and Forecasting, Data Interpretation, · Financial Modeling, · Advanced Excel, · Report Preparation",Egypt
"Financial Analyst, Corporate Finance & Strategy EM",Saudi-firmness,"Katameya, Cairo, Egypt","Full Time, On-site",N/A, 5 - 8 Yrs of Exp,"Experienced, · Accounting/Finance, · Finance, · Financial Analysis, Financial Data Analysis, · Accounting",Egypt
WFM Scheduling Analyst (Contact Center),Giza Systems,"New Cairo, Cairo, Egypt","Full Time, On-site",N/A, 3+ Yrs of Exp,"Experienced, · Customer Service/Support, · Operations/Management, · Analyst/Research, · Customer Service, · Workforce Management, · Operations Management, · Analysis, · Call Center, · Customer Care, · Management",Egypt
Process Improvement Analyst,System Technique,"Abu Rawash, Giza, Egypt","Full Time, On-site",N/A, 2 - 4 Yrs of Exp,"Experienced, · Administration, · Workflow Optimization, Data Analysis, · Project Management",Egypt
Business Analyst,Oola Technologies,"6th of October, Giza, Egypt","Full Time, Hybrid",Entry Level, 1 - 5 Yrs of Exp,"· IT/Software Development, · Analyst/Research, · Requirements Gathering, · Business Process Analysis, · Insurance Industry Knowledge, · Problem Solving",Egypt
Credit Analyst,Tech4Health,"Cairo, Egypt","Full Time, On-site",N/A, 3+ Yrs of Exp,"Experienced, · Accounting/Finance, · Banking, · Analyst/Research, · Credit Analysis, · Financial Statement Analysis, · Risk Assessment, · Financial Modeling, Data Analysis, · Attention to Detail, · Communication",Egypt
Business Process Analyst,Arma-HSA,"Cairo, Egypt","Full Time, On-site",N/A, 3 - 5 Yrs of Exp,"Experienced, · Analyst/Research, · Business Process Analysis, · Project Management, · Stakeholder Engagement, · Problem Solving, · Communication",Egypt
"Analyst, Data Management",BlackRock,"Dubai, United Arab Emirates",Full Time,N/A,N/A,"Experienced, · IT/Software Development, · Analyst/Research, · Engineering - Telecom/Technology, Data Analysis, · Analysis, · Information Technology (IT), · Computer Science, · Microsoft Office, · SQL, · Project Management",Egypt
Data Analyst - Surveillance,Wynn Al Marjan Island,"Ras al-Khaimah, United Arab Emirates",Full Time,Entry Level,N/A,"· IT/Software Development, · Analyst/Research, · Engineering - Telecom/Technology, Data Analysis, · Analysis, · Computer Science, · Information Technology (IT), · SQL, · Microsoft Office, · Microsoft Excel",Egypt
Quality Assurance (QA) Analyst – Hard Services,Confidential,"Mokattam, Cairo, Egypt","Full Time, On-site",N/A, 3 - 5 Yrs of Exp,"Experienced, · Engineering - Construction/Civil/Architecture, · Quality Assurance, · Facilities Management, · Problem Solving, · Communication, · Risk Assessment, · Audit and Inspection, Data Analysis",Egypt
Financial Analyst,Confidential,"Bourj Alarab, Alexandria, Egypt","Full Time, On-site",N/A, 3 - 5 Yrs of Exp,"Experienced, · Accounting/Finance, · Financial Modeling, · Excel (Advanced), · Presentation Skills, · Financial Analysis, · Budgeting and Forecasting, · Variance Analysis, Data Interpretation, · ERP Systems, · Problem Solving",Egypt
Senior HR Analyst,Alex Apparels for Garment Manufacturing ,"Ameria, Alexandria, Egypt","Full Time, On-site",N/A, 5 - 7 Yrs of Exp,"Experienced, · Human Resources, · Analyst/Research, · Advanced Excel, · HR analytics, · HR, · HR Systems, · HR Admin, · HR Policies, · HRMIS, · HR Specialist",Egypt
Cost Analyst,Haier Electric Egypt ,"10th of Ramadan City, Sharqia, Egypt","Full Time, On-site",N/A, 3 - 7 Yrs of Exp,"Senior Management, · Accounting/Finance, · Analyst/Research, · Cost Analysis, · Cost Accounting, · ERP Systems, Data Analysis, · Financial Analysis",Egypt
Data Analyst,Rize | رايز,"Riyadh, Saudi Arabia",Full Time,Entry Level,N/A,"· IT/Software Development, · Analyst/Research, · Engineering - Telecom/Technology, Data Analysis, · Analysis, · Computer Science, · Information Technology (IT), · SQL, · Microsoft Office, · Microsoft Excel",Egypt
Data Analyst,Alaan,"Dubai, United Arab Emirates",Full Time,Entry Level,N/A,"· IT/Software Development, · Analyst/Research, · Engineering - Telecom/Technology, Data Analysis, · Analysis, · Computer Science, · Information Technology (IT), · SQL, · Microsoft Office, · Microsoft Excel",Egypt
Sales Analyst,NILEWOOD ,"Alsadat City, Monufya, Egypt","Full Time, On-site",N/A, 3 - 5 Yrs of Exp,"Experienced, · Analyst/Research, · Sales/Retail, · Strong analytical skills to support internal sales operations, Proficiency in Power BI for data visualization and reporting, Advanced Excel skills for data analysis and modeling, · Experience with Oracle ERP or similar systems for sales and inventory management, · Ability to collaborate with Sales, Supply Chain, Production, and Finance teams, · Sales analysis, Data visualization, · Statistical analysis",Egypt
Data Analyst,Virtusa,"Dubai, United Arab Emirates",Full Time,Entry Level,N/A,"· IT/Software Development, · Analyst/Research, · Engineering - Telecom/Technology, Data Analysis, · Analysis, · Computer Science, · Information Technology (IT), · SQL, · Microsoft Office, · Microsoft Excel",Egypt
Fraud Analyst,Al Ahly Medical Company,"Giza, Giza, Egypt","Full Time, On-site",Entry Level, 1 - 3 Yrs of Exp,"· Medical/Healthcare, · Quality, · Problem Solving, · Detail Oriented, · Multitasking, · Banking, · Banking Domain, · Banking Sector, · Banking Services, · Banking Relationships",Egypt
Senior Financial Analyst,CatchCo,"Berkeley, United States","Full Time, Remote",N/A, 3 - 7 Yrs of Exp,"Experienced, · Accounting/Finance, · Financial modeling, · Budgeting and forecasting, · Variance analysis, Data analysis, · Advanced Excel, · Financial reporting, · Communication, · Attention to detail, · Problem-solving",Egypt
Senior Analyst - Healthcare Analytics,McKinsey & Company,"Riyadh, Saudi Arabia",Full Time,N/A,N/A,"Experienced, · IT/Software Development, · Analyst/Research, · Engineering - Telecom/Technology, · Information Technology (IT), · Computer Science, · Analysis, · Business Analysis, · Finance, · Accounting, · Financial Analysis",Egypt
Senior Analyst - SOC Monitoring (CPX),CPX,"Dubai, United Arab Emirates",Full Time,N/A,N/A,"Experienced, · IT/Software Development, · Analyst/Research, · Engineering - Telecom/Technology, · Information Technology (IT), · Computer Science, · Analysis, · Business Analysis, · Finance, · Accounting, · Financial Analysis",Egypt
"Real Estate Analyst, KitchenPark - Dubai",KitchenPark,"Dubai, United Arab Emirates",Full Time,Entry Level,N/A,"· Accounting/Finance, · Marketing/PR/Advertising, · Analyst/Research, · real estate, · finance, · marketing, · accounting, · analysis, · english, data analysis",Egypt
Data Entry & Accounts Clerk,Confidential,"New Cairo, Cairo, Egypt","Full Time, On-site",Entry Level, 0 - 2 Yrs of Exp,"· Accounting/Finance, · Analyst/Research, Data Entry, · Accounting Basics, · Microsoft Excel, Data Accuracy, · Document Management, · Inventory Management, · Financial Records, · Cash Flow Tracking",Egypt
Business Analyst,Fiftee,"Brussels, Belgium","Part Time, Freelance / Project, Remote",N/A, 3+ Yrs of Exp,"Experienced, · R&D/Science, · Analyst/Research, · Strategy/Consulting, · Business Analysis, · Market Research, · Competitor Analysis, · Market Strategy, · Social Media Strategy",Egypt
Credit Analyst,Al Ahly Mortgage Finance,"Sheikh Zayed, Giza, Egypt","Full Time, On-site",N/A, 2 - 4 Yrs of Exp,"Experienced, · Accounting/Finance, · Financial Statement Analysis, · Credit Analysis, · Analytical Thinking, · Regulatory Compliance, · Microsoft Excel, · Risk Assessment, · Mortgage Finance, · Communication, · Attention to Detail",Egypt
"Analyst, Debt Capital Markets (UAE National Role)",HSBC,"Dubai, United Arab Emirates",Full Time,N/A,N/A,"Experienced, · Accounting/Finance, · Marketing/PR/Advertising, · Analyst/Research, · finance, · accounting, · microsoft office, · financial analysis, · research, · analysis, · marketing",Egypt
Data Analysis Section Head,Family Corporation,"Heliopolis, Cairo, Egypt","Full Time, On-site",N/A, 5 - 7 Yrs of Exp,"Manager, · Operations/Management, · Analyst/Research, · Business Analysis, · Team Leadership, · Process Improvement, Data Analysis, · Stakeholder Management, · Project Management, · Requirements Gathering, · Strategic Planning",Egypt
Data Entry Specialist,Sani Pure,"Cairo, Egypt","Full Time, On-site",Entry Level, 1 - 2 Yrs of Exp,"· Administration, · Analyst/Research, Data Entry, · Attention to Detail, · Microsoft Excel, Database Management, · Time Management, · Organizational Skills, · Confidentiality, · Communication",Egypt
Finance Analyst,MUFG,"Riyadh, Saudi Arabia",Full Time,Entry Level,N/A,"· Accounting/Finance, · Banking, · Analyst/Research, · Finance, · Accounting, · Financial Analysis, · Commerce, · Microsoft Office, Analyst, · Economics",Egypt
Finance Analyst,NCR Atleos,"Riyadh, Saudi Arabia",Full Time,Entry Level,N/A,"· Accounting/Finance, · Banking, · Analyst/Research, · Finance, · Accounting, · Financial Analysis, · Commerce, · Microsoft Office, Analyst, · Economics",Egypt
Technical Data & Coding Specialist,ASG Abdullah Saad Group,"Alexandria, Egypt","Full Time, On-site",N/A, 3+ Yrs of Exp,"Experienced, · R&D/Science, · Manufacturing/Production, · Analyst/Research, · Programming (Python, SQL, Java), Data Analysis, Database Management, · Technical Documentation, Data Integration, · Problem Solving, · System Troubleshooting",Egypt
Senior BI Lead – Data Warehouse / Lakehouse,Global Solutions GS Oman,"Muscat, Oman","Full Time, On-site",N/A, 8+ Yrs of Exp,"Experienced, · IT/Software Development, · Analyst/Research, · Engineering - Telecom/Technology, · Power BI/Tableau, · Project Leadership, · Stakeholder Management, · Lakehouse Architecture, · ETL Development, Data Modeling, Data Governance",Egypt
BI Developers – Data Warehouse / Lakehouse,Global Solutions GS Oman,"Muscat, Oman","Full Time, On-site",N/A, 3 - 5 Yrs of Exp,"Experienced, · IT/Software Development, · Analyst/Research, · Engineering - Telecom/Technology, · Power BI/Tableau, · Project Leadership, · Stakeholder Management, · Lakehouse Architecture, · ETL Development, Data Modeling, Data Governance",Egypt
Data Engineer QA – Data Warehouse / Lakehouse,Global Solutions GS Oman,"Muscat, Oman","Full Time, On-site",N/A, 4 - 6 Yrs of Exp,"Experienced, · IT/Software Development, · Analyst/Research, · Engineering - Telecom/Technology, · Problem Solving, Big Data Technologies (Spark, Hadoop, Databricks), Data Governance, · Performance Optimization, Data Modeling, · ETL/ELT Development, · SQL",Egypt
Data Governance & Modeling Lead,Global Solutions GS Oman,"Muscat, Oman","Full Time, On-site",N/A, 7+ Yrs of Exp,"Manager, · IT/Software Development, · Analyst/Research, · Engineering - Telecom/Technology, · Team Leadership, Data Architecture, Data Quality Management, Metadata Management, Master Data Management, · Stakeholder Management, · Project Management",Egypt
Machine Learning Engineer,Confidential,"Amman, Jordan","Full Time, Freelance / Project, Remote",N/A, 2 - 4 Yrs of Exp,"Experienced, · IT/Software Development, · Engineering - Telecom/Technology, Machine Learning, · TensorFlow, · PyTorch, · Data Analysis, · Model Deployment, · Collaboration, · Problem Solving",Egypt
AI Engineer,Electro Pi,"Maadi, Cairo, Egypt","Full Time, On-site",N/A, 1+ Yrs of Exp,"Experienced, · IT/Software Development, · Analyst/Research, · Engineering - Telecom/Technology, Machine Learning, Deep Learning, · Python Programming, · Data Analysis, · PyTorch, · TensorFlow, · Statistical Modeling",Egypt
Meet Your Next Hire at RISEUP SUMMIT 2026,WUZZUF,"Cairo, Egypt","Event, On-site",N/A,N/A,"Senior Management, · IT/Software Development, · Engineering - Telecom/Technology, · Technology / Software, · SaaS & B2B Platforms, · FinTech & Payments, · E-commerce & Marketplaces, AI, Data & Machine Learning, · Product & Digital Platforms, · Marketing, Media & AdTech, · HealthTech & MedTech",Egypt
WUZZUF Startup Talent Matchmaking x RISEUP SUMMIT 2026,WUZZUF,"Cairo, Egypt","Event, On-site",N/A, 1 - 10 Yrs of Exp,"Senior Management, · IT/Software Development, · Engineering - Telecom/Technology, · Software Development (Frontend / Backend / Full Stack), · Mobile App Development (iOS / Android), · Data Analysis, · Data Science, Machine Learning / AI, · Cloud Computing, · DevOps, · Cybersecurity",Egypt
Senior Sales Engineer,Mechanical industrial services Company,"Katameya, Cairo, Egypt","Full Time, On-site",N/A, 5+ Yrs of Exp,"Experienced, · Sales/Retail, · Engineering - Mechanical/Electrical, Machinery, · Sales, · Team collaboration, Machine Learning, · Mechanical Engineering, · CAD Software, · Engineering Simulation Tools, · Industry Codes",Egypt
AI Engineer,Asap Systems,"Heliopolis, Cairo, Egypt","Full Time, On-site",N/A, 4 - 7 Yrs of Exp,"Experienced, · Engineering - Other, Machine Learning, · Artificial Intelligence, · Data Analysis",Egypt
AI Developer,Genesis AI,"Cairo, Egypt","Full Time, On-site",N/A, 4+ Yrs of Exp,"Experienced, · IT/Software Development, · Engineering - Telecom/Technology, · Artificial Intelligence, Deep Learning, · Python Programming, Machine Learning, · Algorithm Development, · Data Analysis, · TensorFlow, · Data Preprocessing",Egypt
Software Engineer (Technical Content),"CC Global Group, LLC","New Cairo, Cairo, Egypt","Full Time, Remote",Entry Level,N/A,"· Writing/Editorial, · IT/Software Development, · Technical Writing, · Software Engineering, · Content Development, · Programming (Python, JavaScript, etc.), Machine Learning, · Artificial Intelligence (AI)",Egypt
Digital Apps Developer - Chatbot,MOBILY INFOTECH LTD INDIA,"New Cairo, Cairo, Egypt","Full Time, On-site",Entry Level, 0 - 3 Yrs of Exp,"· IT/Software Development, · Engineering - Telecom/Technology, · API Development, · Chatbot Development, Machine Learning",Egypt
AI Engineer,SMETOOLS,"New Cairo, Cairo, Egypt","Full Time, Hybrid",N/A, 2 - 5 Yrs of Exp,"Experienced, · IT/Software Development, · Engineering - Other, · Artificial Intelligence, · Python Programming, · Cloud Computing, Machine Learning, · Problem Solving, · Firebase, · RAG, · Gemini models",Egypt
Machine Learning Engineer,Analytica,"Dubai, United Arab Emirates",Full Time,Entry Level,N/A,"· IT/Software Development, · Engineering - Telecom/Technology, · Engineering - Mechanical/Electrical, Machine Learning, · Computer Science, · Information Technology (IT), · Python, · Software Engineering, · Computer Engineering, · Engineering",Egypt
Data Scientist (NLP Deep Learning Engineer),Revolut,"Dubai, United Arab Emirates",Full Time,Entry Level,N/A,"· IT/Software Development, · Analyst/Research, · Engineering - Telecom/Technology, · Python, · Computer Science, · Information Technology (IT), · SQL, · Data Science, · Data Scientist, Machine Learning",Egypt
Quality Document Controller,RISEUP (Endemag for Administrative Skills Development),"New Cairo, Cairo, Egypt","Full Time, Hybrid",N/A, 5+ Yrs of Exp,"Experienced, · Engineering - Construction/Civil/Architecture, · Quality, · Engineering - Telecom/Technology, · Document Control, · Quality Assurance, · Document Management Systems, · Audit Support, · Compliance, · Process Improvement, · Communication",Egypt
Learning & Development Executive,Richemont,"Dubai, United Arab Emirates",Full Time,Entry Level,N/A,"· IT/Software Development, · Engineering - Telecom/Technology, · Education/Teaching, · Education, Learning, · Training, · Information Technology (IT), · Computer Science, · Teaching, E-Learning",Egypt
AI Deployment Engineer,Efada Technology,"New Cairo, Cairo, Egypt","Full Time, On-site",N/A, 2 - 5 Yrs of Exp,"Experienced, · IT/Software Development, · Analyst/Research, · Engineering - Telecom/Technology, Machine Learning, · AI Deployment, · CI/CD Automation, · Cloud Computing, · Python Programming, · Containerization (Docker/Kubernetes), · System Monitoring",Egypt
Data Scientist,Etihad,"Dubai, United Arab Emirates",Full Time,Entry Level,N/A,"· IT/Software Development, · Analyst/Research, · Engineering - Telecom/Technology, · Python, · Computer Science, · Information Technology (IT), · SQL, · Data Science, · Data Scientist, Machine Learning",Egypt
Principal Applied Scientist,Inception,"Dubai, United Arab Emirates",Full Time,Entry Level,N/A,"· IT/Software Development, · Analyst/Research, · Engineering - Telecom/Technology, · computer science, · information technology (it), · engineering, · python, · sales, machine learning, · business development",Egypt
AI Engineer (m/f/d),Halian,"Dubai, United Arab Emirates",Full Time,Entry Level,N/A,"· IT/Software Development, · Analyst/Research, · Engineering - Telecom/Technology, · AI, · Information Technology (IT), · Computer Science, · Engineering, · Python, · Software Engineering, · NLP",Egypt
Data Scientist,HALA,"Riyadh, Saudi Arabia",Full Time,Entry Level,N/A,"· IT/Software Development, · Analyst/Research, · Engineering - Telecom/Technology, · Python, · Computer Science, · Information Technology (IT), · SQL, · Data Science, · Data Scientist, Machine Learning",Egypt
Senior Data Scientist,Egabi FSI ,"Sheraton, Cairo, Egypt","Full Time, On-site",N/A, 3+ Yrs of Exp,"Experienced, · IT/Software Development, · Engineering - Telecom/Technology, · Computer Science, · Data Mining, · Data Science, · data scientist, · Hadoop, Machine Learning, · Python, · SQL",Egypt
Data Scientist (Core),Revolut,"Dubai, United Arab Emirates",Full Time,Entry Level,N/A,"· IT/Software Development, · Analyst/Research, · Engineering - Telecom/Technology, · Python, · Computer Science, · Information Technology (IT), · SQL, · Data Science, · Data Scientist, Machine Learning",Egypt
Computer Vision Engineer,Rehabitaire,"New Cairo, Cairo, Egypt","Full Time, Remote",N/A, 3 - 7 Yrs of Exp,"Experienced, · IT/Software Development, · Engineering - Telecom/Technology, · Computer Vision, · Artificial Intelligence (AI), · NLP, · ML, Deep Learning, · Computer Science, · Data Science, · Data Analysis",Egypt
AI Engineer,U X E SECURITY SOLUTIONS L.L.C,"Dubai, United Arab Emirates",Full Time,Entry Level,N/A,"· IT/Software Development, · Analyst/Research, · Engineering - Telecom/Technology, · AI, · Information Technology (IT), · Computer Science, · Engineering, · Python, · Software Engineering, · NLP",Egypt
Senior Data Scientist,Mozn,"Riyadh, Saudi Arabia",Full Time,N/A,N/A,"Experienced, · IT/Software Development, · Analyst/Research, · Engineering - Telecom/Technology, · Computer Science, · Information Technology (IT), · SQL, · Python, · Engineering, · Data Analysis, · Software Development",Egypt
Mechanical Engineer,RITEC,"Maadi, Cairo, Egypt","Full Time, On-site",Entry Level, 0 - 3 Yrs of Exp,"· Engineering - Mechanical/Electrical, · Mechanical Engineering, · Engineering, · Condition Monitoring, Condition Machines, · Thermography, · Computer Skills, · Vibration Analysis, · Ultrasound, · Lubrication Oil Analysis",Egypt
Senior Data Scientist (Computer Vision),Revolut,"Dubai, United Arab Emirates",Full Time,N/A,N/A,"Experienced, · IT/Software Development, · Analyst/Research, · Engineering - Telecom/Technology, · Computer Science, · Information Technology (IT), · SQL, · Python, · Engineering, · Data Analysis, · Software Development",Egypt
Artificial Intelligence Engineer,AlgoDriven,"Dubai, United Arab Emirates",Full Time,N/A,N/A,"Experienced, · IT/Software Development, · Analyst/Research, · Engineering - Telecom/Technology, · Artificial Intelligence, · Computer Science, · Information Technology (IT), · Software Engineering, · Computer Engineering, · Software Development, · Engineering",Egypt
AI/ML Intern,Thales,"Dubai, United Arab Emirates",Full Time,N/A,N/A,"Not specified, · IT/Software Development, · Marketing/PR/Advertising, · Engineering - Telecom/Technology, · information technology (it), · computer science, · engineering, · software engineering, · python, machine learning, · ai",Egypt
AI Engineer,Print Hub ,"Mohandessin, Giza, Egypt","Full Time, On-site",N/A, 3 - 6 Yrs of Exp,"Experienced, · IT/Software Development, · Python Programming, · Data Analysis, · PyTorch, · Data Preprocessing, · Problem Solving, · Artificial Intelligence, · TensorFlow, · Algorithm Development, Deep Learning",Egypt
Data Scientist,Capgemini Engineering,"Riyadh, Saudi Arabia",Full Time,N/A,N/A,"Experienced, · IT/Software Development, · Analyst/Research, · Engineering - Telecom/Technology, · Python, · Computer Science, · Information Technology (IT), · SQL, · Data Science, · Data Scientist, Machine Learning",Egypt
AI Engineer Instructor (Part-Time),Senior Steps,"Nasr City, Cairo, Egypt","Part Time, Hybrid",N/A, 1 - 6 Yrs of Exp,"Experienced, · R&D/Science, · IT/Software Development, · Training/Instructor, · AI Engineer Instructor, · AI Instructor, · Artificial Intelligence Trainer, Machine Learning Instructor, Deep Learning Specialist, · AI Engineer, Machine Learning Engineer",Egypt
Artificial Intelligence (AI) Engineer | Alexandria,Akwad,"Qassim, Saudi Arabia","Full Time, On-site",N/A, 2 - 5 Yrs of Exp,"Experienced, · IT/Software Development, · Artificial Intelligence, Machine Learning, · Python Programming",Egypt
Statistics and Data Science - Assistant Professor Tenure Track,American University of Kuwait (AUK),"Dubai, United Arab Emirates",Full Time,Entry Level,N/A,"· IT/Software Development, · Analyst/Research, · Engineering - Telecom/Technology, · Computer Science, · Statistics, · Information Technology (IT), · SQL, · Data Analysis, · Python, · Analysis",Egypt
Artificial Intelligence in Action - Open Rank Faculty Positions,American University of Kuwait (AUK),"Dubai, United Arab Emirates",Full Time,Entry Level,N/A,"· Accounting/Finance, · IT/Software Development, · Engineering - Telecom/Technology, · Computer Science, · Information Technology (IT), · Accounting, · FInance, · Artificial Intelligence, · Computer Engineering, · Engineering",Egypt
Subject Matter Expert - Cloud,Globant,"Riyadh, Saudi Arabia",Full Time,N/A,N/A,"Experienced, · Customer Service/Support, · Analyst/Research, · Education/Teaching, · Subject Matter Expert, · Education, · SME, · Teaching, · Curriculum Development, · Educational Consultation, · Call Center",Egypt
Sales Engineer,Sidhom Printing Solutions ,"Cairo, Egypt","Full Time, Remote",Entry Level, 0 - 2 Yrs of Exp,"· Creative/Design/Art, · Sales/Retail, · Engineering - Other, · Applied Arts, · Communication skills, · Communication, · English, · Engineering, · Production, · Sales",Egypt
Mechanical Engineer,Alex Apparels for Garment Manufacturing ,"Ameria, Alexandria, Egypt","Full Time, On-site",N/A, 2 - 4 Yrs of Exp,"Experienced, · Engineering - Mechanical/Electrical, · Mechanical system design, · Mechanical Engineering, · Maintenance Engineering, · English, · Engineering Software, · Safety Regulations",Egypt
QA Validation & Qualification Officer,APEX Pharma,"Badr City, Cairo, Egypt","Full Time, On-site",N/A, 2 - 4 Yrs of Exp,"Experienced, · R&D/Science, · Quality, · Pharmaceutical, · Quality Assurance, · Pharmacy, · Science, · Microsoft Office, · ISO, · GMP, · GDP",Egypt
R&D Junior Engineer,Midea Group,"Alsadat City, Monufya, Egypt","Full Time, On-site",Entry Level, 0 - 3 Yrs of Exp,"· R&D/Science, · Engineering - Mechanical/Electrical, · Research Development, · Lab Engineer, · Engineering, · Mechatronics, · Electrical",Egypt
Production Engineer Internship - Alexandria,Prometeon tyres group – Egypt,"Ameria, Alexandria, Egypt","Internship, On-site",Entry Level, 0 - 1 Yrs of Exp,"· Manufacturing/Production, · Science, · Production, · Mechanical Engineering, · Engineering, · Chemistry, · Media Production, · quality",Egypt
Senior Odoo Developer,Happy Care,"Nasr City, Cairo, Egypt","Full Time, Freelance / Project, Remote",N/A, 5+ Yrs of Exp,"Experienced, · IT/Software Development, · Engineering - Telecom/Technology, · Python Programming, · Odoo Development, · PostgreSQL, · API Integration, · ERP Implementation, · Business Process Analysis, · Odoo, · Odoo ERP",Egypt
Data Analyst + Instructor (Excel & Power BI),EpsilonAI,"Nasr City, Cairo, Egypt","Full Time, Hybrid",Entry Level, 0 - 3 Yrs of Exp,"· IT/Software Development, · Analyst/Research, · Education/Teaching, · Data Analysis, · Database SQL Server, · MySQL, · Data Analytics, · Big Data Analytics, · Microsoft Excel, · Power BI",Egypt
Production Chemist,Intertrade Co. ,"10th of Ramadan City, Sharqia, Egypt","Full Time, On-site",N/A, 2 - 5 Yrs of Exp,"Experienced, · R&D/Science, · Other, · Engineering - Other, · Chemistry, · quality, · Communication skills, · Microsoft Excel, · Science, · Testing, · Engineering",Egypt
Data Analyst & A.I. Expert,Fiftee,"Brussels, Belgium","Part Time, Freelance / Project, Remote",N/A, 3+ Yrs of Exp,"Experienced, · IT/Software Development, · Data Analysis, · A.I., · Startup, · International Software Testing Qualifications Board, · Databases, · Reporting, · visual",Egypt
Maintenance Engineer,Confidential,"Dawahi, Port Said, Egypt","Full Time, On-site",N/A, 5+ Yrs of Exp,"Experienced, · Installation/Maintenance/Repair, · Manufacturing/Production, · Engineering - Mechanical/Electrical, · Electrical troubleshooting, · Team supervision, · Preventive maintenance, · Technical documentation, · Safety compliance, · Equipment diagnostics, · Problem-solving",Egypt
Python Developer (CAD Automation),StoryGold,"San Francisco, United States","Full Time, Remote",Entry Level, 0 - 2 Yrs of Exp,"· IT/Software Development, · Python programming, · Automation scripting, · CAD software integration",Egypt
Technician,Infinity tecs,"Cairo, Egypt","Full Time, On-site",Entry Level, 0 - 2 Yrs of Exp,"· Customer Service/Support, · Technical troubleshooting, · Equipment installation, · Preventive maintenance, · Problem-solving, · Technical documentation, · Safety compliance",Egypt
Office Manager,INSERA,"New Cairo, Cairo, Egypt","Full Time, On-site",Entry Level, 0 - 3 Yrs of Exp,"· Administration, · Operations/Management, · Project/Program Management, · business, · Office management, · Communication skills, · Administration, · English",Egypt
Software Engineer,CodeCybers,"Cairo, Egypt","Full Time, Part Time, Freelance / Project, Remote",N/A, 2 - 6 Yrs of Exp,"Experienced, · IT/Software Development, · Java, · JavaScript, · Spring Boot, · SQL, · Docker, · DevOps",Egypt
Software Development Manager,Confidential,"6th of October, Giza, Egypt","Full Time, Hybrid",N/A, 10+ Yrs of Exp,"Manager, · Business Development, · IT/Software Development, · Engineering - Telecom/Technology, · Azure, · Computer Science, · developer, · Engineering, · ERP System, · Information Technology (IT), · ERP",Egypt
Senior Data Engineer – Data Warehouse / Lakehouse,Global Solutions GS Oman,"Muscat, Oman","Full Time, On-site",N/A, 8+ Yrs of Exp,"Experienced, · IT/Software Development, · Analyst/Research, · Engineering - Telecom/Technology, · Problem Solving, · Big Data Technologies (Spark, Hadoop, Databricks), · Data Governance, · Performance Optimization, · Data Modeling, · ETL/ELT Development, · SQL",Egypt
Industrial Controlling & Reporting Internship - Alexandria,Prometeon tyres group – Egypt,"Ameria, Alexandria, Egypt","Internship, On-site",Entry Level, 0 - 1 Yrs of Exp,"· Manufacturing/Production, · Engineering - Other, · Industrial Engineering, · Engineering Management, · Producation, · Engineering, · English, · Industrial, · Internship, · Students Affairs",Egypt
"ITD-Enterprise Architect| Muscat, Oman",Global Solutions GS Oman,"Cairo, Egypt","Full Time, On-site",· C-Level Executive/GM/Director, 12+ Yrs of Exp,"Manager, · IT/Software Development, · Enterprise Architecture, · IT Solution Design, · Cloud Computing, · Systems Integration, · IT Governance, · Technical Leadership, · Stakeholder Management, · Architecture Frameworks (TOGAF, Zachman)",Egypt
Data Analytics Specialist,MEAHCO Saudi German Health,"Katameya, Cairo, Egypt","Full Time, On-site",N/A, 3 - 5 Yrs of Exp,"Experienced, · Medical/Healthcare, · Quality, · Analyst/Research, · SQL, · python development, · SAS, · Tableau, · Power BI, · QlikView, · Microsoft Excel",Egypt
Graphic Designer AI,Amer Vision Group,"Sheraton, Cairo, Egypt","Full Time, On-site",N/A, 2 - 5 Yrs of Exp,"Experienced, · Creative/Design/Art, · Marketing/PR/Advertising, · Media/Journalism/Publishing, · Adobe Creative Suite, · Visual storytelling, · 3D rendering, · Creative problem-solving, · Time management, · Attention to detail, · AI-powered graphic design",Egypt
Jr Mechanical Engineer,Energy Job Search,"Dubai, United Arab Emirates",Full Time,Entry Level,N/A,"· Installation/Maintenance/Repair, · Manufacturing/Production, · Engineering - Mechanical/Electrical, · Mechanical Engineering, · Engineering, · AutoCAD, · Maintenance, · HVAC, · Electrical Engineering, · Mechanical",Egypt
Investment Risk Analyst,Abu Dhabi Capital Group,"Dubai, United Arab Emirates",Full Time,N/A,N/A,"Experienced, · Accounting/Finance, · IT/Software Development, · Analyst/Research, · Financial Analysis, · Accounting, · Finance, · Analysis, · Information Technology (IT), · Computer Science, · Risk Management",Egypt
Tech Director - KSA,Globant,"Riyadh, Saudi Arabia",Full Time,· C-Level Executive/GM/Director,N/A,"Manager, · Marketing/PR/Advertising, · Sales/Retail, · marketing, · sales, · logistics, · microsoft office, · engineering, · retail, · media",Egypt
Senior Research Engineer,Analog,"Dubai, United Arab Emirates",Full Time,N/A,N/A,"Experienced, · IT/Software Development, · Engineering - Telecom/Technology, · Engineering - Mechanical/Electrical, · Engineering, · Information Technology (IT), · Computer Science, · Software Engineering, · Software Development, · Computer Engineering, · Mechanical Engineering",Egypt
Data Engineer III,Mozn,"Riyadh, Saudi Arabia",Full Time,N/A,N/A,"Experienced, · IT/Software Development, · Analyst/Research, · Engineering - Telecom/Technology, · Information Technology (IT), · Computer Science, · Engineering, · Computer Engineering, · SQL, · Python, · Software Development",Egypt
Senior SOC Engineer (AI & Automation),CPX,"Dubai, United Arab Emirates",Full Time,N/A,N/A,"Experienced, · IT/Software Development, · Engineering - Telecom/Technology, · Engineering - Mechanical/Electrical, · Engineering, · Information Technology (IT), · Computer Science, · Software Engineering, · Software Development, · Computer Engineering, · Mechanical Engineering",Egypt
Lead Data Engineer,Core42,"Dubai, United Arab Emirates",Full Time,N/A,N/A,"Experienced, · IT/Software Development, · Engineering - Telecom/Technology, · Engineering - Mechanical/Electrical, · Information Technology (IT), · Computer Science, · Engineering, · Software Development, · Software Engineering, · Computer Engineering, · Java",Egypt
Mechanical Engineer - Automation Technology,Eaton,"Dubai, United Arab Emirates",Full Time,Entry Level,N/A,"· Installation/Maintenance/Repair, · Sales/Retail, · Engineering - Mechanical/Electrical, · Mechanical Engineering, · Engineering, · Electrical Engineering, · Maintenance, · Sales, · Sales Skills, · Microsoft Office",Egypt
Intelligence Analyst (UAE - Abu Dhabi),PeakMetrics,"Dubai, United Arab Emirates",Full Time,N/A,N/A,"Experienced, · IT/Software Development, · Analyst/Research, · Engineering - Telecom/Technology, · Business Analysis, · Business Intelligence, · Computer Science, · Information Technology (IT), · Analysis, · Engineering, · SQL",Egypt
Work from Home in Saudi Arabia,TELUS Digital,"Makkah, Saudi Arabia",Part Time,Entry Level,N/A,"· Creative/Design/Art, · Customer Service/Support, · Media/Journalism/Publishing, · Customer Service, · Customer Care, · Customer Support, · English, · Call Center, · Marketing, · Sales",Egypt
Hotel Driver,Marriott International,"Dubai, United Arab Emirates",Full Time,Entry Level,N/A,"· Accounting/Finance, · Administration, · Hospitality/Hotels/Food Services, · microsoft office, · administration, · accounting, · admin, · hospitality, · maintenance, · personnel",Egypt
Data Analyst - Surveillance,Wynn Al Marjan Island,"Ras al-Khaimah, United Arab Emirates",Full Time,Entry Level,N/A,"· IT/Software Development, · Analyst/Research, · Engineering - Telecom/Technology, · Data Analysis, · Analysis, · Computer Science, · Information Technology (IT), · SQL, · Microsoft Office, · Microsoft Excel",Egypt
Engineering Manager - Data Platform,Canonical,"Dubai, United Arab Emirates",Full Time,N/A,N/A,"Experienced, · Engineering - Construction/Civil/Architecture, · IT/Software Development, · Project/Program Management, · Engineering, · Project Management, · Information Technology (IT), · Management, · Computer Science, · Civil Engineering, · Construction",Egypt
Engagement Director,AI71,"Dubai, United Arab Emirates",Full Time,N/A,N/A,"Manager, · Operations/Management, · Marketing/PR/Advertising, · Media/Journalism/Publishing, · marketing, · management, · microsoft office, · finance, · computer science, · engineering, · business development",Egypt
Food & Beverage Supervisor,Marriott International,"Makkah, Saudi Arabia",Full Time,N/A,N/A,"Experienced, · Hospitality/Hotels/Food Services, · Operations/Management, · Sales/Retail, · Food, · Sales, · FMCG, · Sales Skills, · Customer Service, · Food &amp; Beverage, · Sales Target",Egypt
Technical Program Manager,Monad Foundation,"Dubai, United Arab Emirates",Full Time,N/A,N/A,"Experienced, · Engineering - Construction/Civil/Architecture, · IT/Software Development, · Project/Program Management, · Engineering, · Project Management, · Information Technology (IT), · Computer Science, · Civil Engineering, · Management, · Technical Office",Egypt
MENA Regional Partner Director,BigID,"Dubai, United Arab Emirates",Full Time,N/A,N/A,"Not specified, · IT/Software Development, · Marketing/PR/Advertising, · Sales/Retail, · marketing, · sales, · microsoft office, · information technology (it), · startup, · management, · communication",Egypt
Digital & IT Strategy Consultant,Energy Job Search,"Riyadh, Saudi Arabia",Full Time,N/A,N/A,"Experienced, · Marketing/PR/Advertising, · Sales/Retail, · Media/Journalism/Publishing, · Marketing, · Digital Marketing, · Social Media, · E-marketing, · Media, · SEO, · Market Research",Egypt
Technical Account Manager,Qualys,"Riyadh, Saudi Arabia",Full Time,N/A,N/A,"Experienced, · Customer Service/Support, · IT/Software Development, · Sales/Retail, · Sales, · Sales Skills, · Customer Service, · Customer Support, · Sales Target, · Customer Care, · Account Management",Egypt
